DAFTAR HADIR DAN KEAKTIFAN MAHASISWA

MATA KULIAH:,Pemrograman Web Dasar 2021
KELAS:,KA-2020-KIP-B1
PERTEMUAN KE:,5 - P05 JS Dasar
HARI/TANGGAL:,01 September 2021
WAKTU:,08:00
SEMESTER:,3 (Ganjil)

NO,NIM,NAMA MAHASISWA,JK,STATUS,KEHADIRAN,PROGRES,RATA-RATA
1,32200064,Dini Maryani,-,,HADIR,100%,100%
2,32200019,Eva Nurarofah,-,,HADIR,100%,100%
3,32200058,Fadhil Yudistianto,-,,HADIR,100%,100%
4,32200057,Fathasya Meyra Arliansyah,-,,HADIR,100%,100%
5,32200059,Inayatul Afriyani,-,,HADIR,100%,100%
6,32200020,Muhamad Rizki,-,,TIDAK HADIR,0%,0%
7,32200021,Risna Rahayu,-,,HADIR,100%,100%
8,32200018,Sumita,-,,HADIR,100%,100%
9,32200056,Ustri Ani Rinata,-,,HADIR,100%,100%


Dosen,Iin.M.Kom
NIDN,0411068706
Data from Question Wars Gamified Systems :: 2021-09-28 08:59:11


